model_fingerprint,file_id,success,filter_used,escalation_used,duration_ms,precheck_passed,precheck_skipped,original_vertices,original_faces,original_volume,original_watertight,original_manifold,result_vertices,result_faces,result_volume,result_watertight,result_manifold,volume_change_pct,face_change_pct,original_components,original_holes,result_components,result_holes,original_file_size,fixed_file_size,error,timestamp
MP:f1f1a4d7239d,100026,True,slicer-repair-loop,False,1198.5054016113281,False,False,117,270,0.0,False,False,117,258,31358.886889926976,True,True,0,4.444444444444445,7,0,1,0,68170,12984,,2026-01-04T10:55:09.697608
MP:9e12d440a355,100027,True,slicer-repair-loop,False,2532.876968383789,False,False,218,508,0.0,False,False,9162,18352,10408.0,True,True,0,-3512.5984251968503,38,0,1,0,134440,917684,,2026-01-04T10:55:11.592169
MP:77ab6ad7276e,100028,True,none (already clean),False,492.2554000004311,True,True,120,228,1112.6238664362947,True,True,120,228,1112.6238664362947,True,True,0,0,3,0,0,0,57794,0,,2026-01-04T10:55:16.168178
MP:24bf46eb22e1,100029,True,slicer-repair-loop,False,1096.4689254760742,False,False,202,452,0.0,False,False,208,460,20766.747169678743,True,True,0,-1.7699115044247788,5,0,2,0,113967,23084,,2026-01-04T10:55:16.939510
MP:52c9b8596eb7,100030,True,slicer-repair-loop,False,6837.72873878479,False,False,608,1504,0.0,False,False,42934,85864,399220.0833333333,True,True,0,-5609.04255319149,39,0,1,0,380476,4293284,,2026-01-04T10:55:18.488602
MP:0839ab38e7d0,100031,True,slicer-repair-loop,False,1049.0145683288574,False,False,310,640,0.0,True,False,310,640,5588.567438650011,True,True,0,0.0,1,0,1,0,161818,32084,,2026-01-04T10:55:30.745189
MP:c819ba97c42a,100032,True,slicer-repair-loop,False,1255.5022239685059,False,False,1516,3128,0.0,True,False,1516,3128,27796.503722788893,True,True,0,0.0,5,0,5,0,810889,156484,,2026-01-04T10:55:32.209196
MP:3cd4fb7ffb6b,100033,True,slicer-repair-loop,False,1093.2273864746094,False,False,204,420,0.0,True,False,204,420,12699.194419621723,True,True,0,0.0,1,0,1,0,116122,21084,,2026-01-04T10:55:34.391714
MP:9d92924b97ab,100034,True,none (already clean),False,472.05829999984417,True,True,84,188,23137.726224050002,True,True,84,188,23137.726224050002,True,True,0,0,1,0,0,0,50990,0,,2026-01-04T10:55:35.820433
MP:7b15bd385b5b,100035,True,slicer-repair-loop,False,1058.6028099060059,False,False,337,670,0.0,True,False,337,670,34381.003750343356,True,True,0,0.0,1,0,1,0,168854,33584,,2026-01-04T10:55:36.575950
MP:cfe40a0758f3,100036,True,slicer-repair-loop,False,1080.5332660675049,False,False,123,252,0.0,False,False,123,242,3179.1986543742255,True,True,0,3.968253968253968,16,0,1,0,63969,12184,,2026-01-04T10:55:37.994493
MP:12b6e5b19ec7,100037,True,slicer-repair-loop (blender),True,6434.295177459717,False,False,181,375,0.0,False,False,16234,32480,2141.1150107437047,True,True,0,-8561.333333333332,2,0,1,0,94657,1624084,,2026-01-04T10:55:39.576107
MP:425eb7e27d1c,100040,True,slicer-repair-loop,False,1144.8578834533691,False,False,362,736,0.0,False,False,362,732,40187.0054526455,True,True,0,0.5434782608695652,4,0,2,0,185574,36684,,2026-01-04T10:55:49.395345
MP:da35d5f4b984,100045,True,none (already clean),False,482.5057999996716,True,True,208,420,5.545051376836251,True,True,208,420,5.545051376836251,True,True,0,0,3,0,0,0,21084,0,,2026-01-04T10:55:51.067318
MP:d8af88fed155,100046,True,none (already clean),False,492.844000000332,True,True,656,1316,9.566844429878516,True,True,656,1316,9.566844429878516,True,True,0,0,4,0,0,0,65884,0,,2026-01-04T10:55:51.858220
MP:fda71f0c3c60,100047,True,none (already clean),False,473.5047999993185,True,True,1098,2196,4.647321775167597,True,True,1098,2196,4.647321775167597,True,True,0,0,8,0,0,0,109884,0,,2026-01-04T10:55:52.926166
MP:c9688b9a564c,100070,True,none (already clean),False,498.4617000000071,True,True,2515,5030,35509.09557998546,True,True,2515,5030,35509.09557998546,True,True,0,0,1,0,0,0,1267814,0,,2026-01-04T10:55:54.086289
MP:480682fc0323,100071,True,none (already clean),False,480.3191999999399,True,True,531,1070,49143.31517935908,True,True,531,1070,49143.31517935908,True,True,0,0,1,0,0,0,269805,0,,2026-01-04T10:55:55.866701
MP:3f4a876c7201,100072,True,none (already clean),False,490.25199999960023,True,True,180,360,11772.62316712323,True,True,180,360,11772.62316712323,True,True,0,0,1,0,0,0,90666,0,,2026-01-04T10:55:56.822031
MP:551f07474169,100073,True,none (already clean),False,473.0878999998822,True,True,246,492,12444.103021642279,True,True,246,492,12444.103021642279,True,True,0,0,1,0,0,0,124140,0,,2026-01-04T10:55:57.688959
MP:d8055d449dcd,100075,True,none (already clean),False,487.2273999999379,True,True,726,1460,4.937873030343192,True,True,726,1460,4.937873030343192,True,True,0,0,6,0,0,0,73084,0,,2026-01-04T10:55:58.587037
MP:7b6d496cd3e5,100077,True,none (already clean),False,492.9756000001362,True,True,264,528,0.183852580462086,True,True,264,528,0.183852580462086,True,True,0,0,1,0,0,0,26484,0,,2026-01-04T10:55:59.591985
MP:c5300c770589,100139,True,none (already clean),False,499.61529999927734,True,True,1106,2224,0.0,False,False,1106,2224,0.0,False,False,0,0,7,0,0,0,421153,0,,2026-01-04T10:56:00.485930
MP:cd0bb7dd5df9,100173,True,slicer-repair-loop,False,1066.5125846862793,False,False,128,250,0.0,False,False,128,252,10070.636131079189,True,True,0,-0.8,1,0,1,0,12584,12684,,2026-01-04T10:56:01.691087
MP:548c79072d0f,1001930,True,none (already clean),False,524.919299999965,True,True,7225,14438,21946.566507780895,True,True,7225,14438,21946.566507780895,True,True,0,0,4,0,0,0,721984,0,,2026-01-04T10:56:03.115650
MP:7204b8bb9c04,1001931,True,none (already clean),False,502.8712000002997,True,True,7225,14438,21946.5664870542,True,True,7225,14438,21946.5664870542,True,True,0,0,4,0,0,0,721984,0,,2026-01-04T10:56:06.717087
MP:6fab6b4fff42,100281,True,none (already clean),False,580.5859000001874,True,True,46949,94772,14932.481467108659,True,True,46949,94772,14932.481467108659,True,True,0,0,1,0,0,0,4738684,0,,2026-01-04T10:56:10.234243
MP:6fa9d3d7fa12,100282,True,none (already clean),False,577.7424000007159,True,True,50935,102936,19025.825190847885,True,True,50935,102936,19025.825190847885,True,True,0,0,2,0,0,0,5146884,0,,2026-01-04T10:56:20.656616
MP:75426d496620,100322,True,none (already clean),False,488.02100000011706,True,True,384,772,27663.37192822515,True,True,384,772,27663.37192822515,True,True,0,0,2,0,0,0,129701,0,,2026-01-04T10:56:31.454465
MP:ed280b69c2a6,100323,True,none (already clean),False,502.9580000000351,True,True,378,760,27657.68908351015,True,True,378,760,27657.68908351015,True,True,0,0,2,0,0,0,127854,0,,2026-01-04T10:56:32.330365
MP:88321ede7d1c,100330,True,none (already clean),False,507.30730000032054,True,True,503,1010,5244.2242924542625,True,True,503,1010,5244.2242924542625,True,True,0,0,1,0,0,0,50584,0,,2026-01-04T10:56:33.272654
MP:7c9408439f0f,100331,True,slicer-repair-loop,False,1117.3036098480225,False,False,503,1010,0.0,True,False,503,1010,5244.223904018892,True,True,0,0.0,1,0,1,0,50584,50584,,2026-01-04T10:56:34.250026
MP:6f1649d13715,100335,True,slicer-repair-loop,False,7241.1439418792725,False,False,35140,70298,0.0,False,False,35135,70250,48312.28945420661,True,True,0,0.06828074767418703,25,0,5,0,17618535,3512584,,2026-01-04T10:56:35.977319
MP:f69309237a8a,100336,True,none (already clean),False,501.8641000006028,True,True,14141,28254,3296.7632330906204,True,True,14141,28254,3296.7632330906204,True,True,0,0,7,0,0,0,7087360,0,,2026-01-04T10:56:53.028103
MP:d3ef551c6964,100339,True,none (already clean),False,524.924700000156,True,True,7722,15440,11988.792399131169,True,True,7722,15440,11988.792399131169,True,True,0,0,1,0,0,0,3895402,0,,2026-01-04T10:56:59.236462
MP:4777f74302cf,100340,True,none (already clean),False,504.36100000024453,True,True,9618,19232,15051.504131559212,True,True,9618,19232,15051.504131559212,True,True,0,0,1,0,0,0,4838384,0,,2026-01-04T10:57:02.874617
MP:549e7a68ba3f,100342,True,none (already clean),False,516.99329999974,True,True,9087,18170,15034.770692420798,True,True,9087,18170,15034.770692420798,True,True,0,0,1,0,0,0,4583410,0,,2026-01-04T10:57:07.221257
MP:0d1d6c10456c,100343,True,none (already clean),False,498.6650999999256,True,True,8085,16166,10720.170792569503,True,True,8085,16166,10720.170792569503,True,True,0,0,1,0,0,0,4065399,0,,2026-01-04T10:57:11.438070
MP:69cd317e7046,100344,True,none (already clean),False,546.3497999999163,True,True,10290,20576,10212.108549492346,True,True,10290,20576,10212.108549492346,True,True,0,0,1,0,0,0,5221716,0,,2026-01-04T10:57:15.319161
MP:25ae72617f58,100345,True,none (already clean),False,500.9103000002142,True,True,5879,11754,12086.821899518029,True,True,5879,11754,12086.821899518029,True,True,0,0,1,0,0,0,2957269,0,,2026-01-04T10:57:20.034895
MP:d2abd25a057b,100346,True,none (already clean),False,518.2316000000355,True,True,19165,38326,107647.74726104167,True,True,19165,38326,107647.74726104167,True,True,0,0,2,0,0,0,9639559,0,,2026-01-04T10:57:23.083972
MP:e5395e5f2f1e,100349,True,none (already clean),False,515.7038999996075,True,True,4699,9394,82622.28718094488,True,True,4699,9394,82622.28718094488,True,True,0,0,1,0,0,0,469784,0,,2026-01-04T10:57:31.044918
MP:bdf89c23561e,100388,True,none (already clean),False,527.9903999999078,True,True,37582,75160,82687.34179484883,True,True,37582,75160,82687.34179484883,True,True,0,0,1,0,0,0,3758084,0,,2026-01-04T10:57:33.656841
MP:5bf1ec162ff2,100423,True,none (already clean),False,579.772199999752,True,True,140,276,32.9049136897515,True,True,140,276,32.9049136897515,True,True,0,0,1,0,0,0,13884,0,,2026-01-04T10:57:44.280255
MP:c25080260b96,100471,True,none (already clean),False,493.70210000051884,True,True,7354,14708,56937.26665250965,True,True,7354,14708,56937.26665250965,True,True,0,0,1,0,0,0,735484,0,,2026-01-04T10:57:45.222966
MP:a478307f4151,100478,True,none (already clean),False,518.9106999996511,True,True,4585,9170,4130.460284014133,True,True,4585,9170,4130.460284014133,True,True,0,0,1,0,0,0,458584,0,,2026-01-04T10:57:48.786295
MP:d3741375b9ec,1004824,True,slicer-repair-loop,False,1934.4682693481445,False,False,11316,22594,0.0,False,False,11173,22306,22653.65274722298,True,True,0,1.2746746923962113,11,0,10,0,1129784,1115384,,2026-01-04T10:57:51.352955
MP:5edba78c616f,1004825,True,slicer-repair-loop,False,1083.9776992797852,False,False,330,620,0.0,True,False,330,620,97.04196731741727,True,True,0,0.0,10,0,10,0,31084,31084,,2026-01-04T10:57:57.832835
MP:ca1988cbca87,1004826,True,slicer-repair-loop,False,1123.764991760254,False,False,394,784,0.0,False,False,393,782,1958.544394672782,True,True,0,0.25510204081632654,2,0,1,0,39284,39184,,2026-01-04T10:57:59.306979
MP:cfe4b1c32bd9,1004827,True,slicer-repair-loop,False,1317.4798488616943,False,False,2190,4356,0.0,False,False,1835,3658,14077.160987958778,True,True,0,16.023875114784207,3,0,3,0,217884,182984,,2026-01-04T10:58:00.861020
MP:c20c0f27c611,100500,True,slicer-repair-loop,False,2466.3164615631104,False,False,181,466,0.0,False,False,6322,12656,7319.833333333333,True,True,0,-2615.8798283261804,99,0,1,0,118337,632884,,2026-01-04T10:58:03.242403
MP:4e5ae6d71c13,100506,True,none (already clean),False,504.90159999935713,True,True,11049,22102,20096.012227538435,True,True,11049,22102,20096.012227538435,True,True,0,0,1,0,0,0,1105184,0,,2026-01-04T10:58:07.289791
MP:4a00db7fdfa7,100507,True,none (already clean),False,532.3489000002155,True,True,9352,18708,17203.90003851873,True,True,9352,18708,17203.90003851873,True,True,0,0,1,0,0,0,935484,0,,2026-01-04T10:58:12.059598
MP:2c5ceccafc04,1005266,True,none (already clean),False,508.47929999963526,True,True,3736,7472,23691.851747883553,True,True,3736,7472,23691.851747883553,True,True,0,0,1,0,0,0,373684,0,,2026-01-04T10:58:16.258637
MP:9bd4bbd4f2e5,1005267,True,none (already clean),False,475.16019999966375,True,True,3646,7288,20405.038724799677,True,True,3646,7288,20405.038724799677,True,True,0,0,1,0,0,0,364484,0,,2026-01-04T10:58:18.463863
MP:da1b127dac6a,1005268,True,none (already clean),False,467.8205000000162,True,True,4911,9818,23131.001928142698,True,True,4911,9818,23131.001928142698,True,True,0,0,1,0,0,0,490984,0,,2026-01-04T10:58:20.554609
MP:a81b416bc514,1005269,True,none (already clean),False,483.47869999997783,True,True,2433,4862,13047.372807596563,True,True,2433,4862,13047.372807596563,True,True,0,0,1,0,0,0,243184,0,,2026-01-04T10:58:23.191509
MP:5cfe138da567,1005270,True,none (already clean),False,494.82309999984864,True,True,3798,7592,19642.194665435836,True,True,3798,7592,19642.194665435836,True,True,0,0,1,0,0,0,379684,0,,2026-01-04T10:58:24.842438
MP:91aa1a2cf027,1005271,True,none (already clean),False,491.218399999525,True,True,4942,9888,25526.168363179237,True,True,4942,9888,25526.168363179237,True,True,0,0,1,0,0,0,494484,0,,2026-01-04T11:12:42.929185
MP:a46220366fd3,1005272,True,none (already clean),False,501.442800001314,True,True,3176,6348,17985.521111766775,True,True,3176,6348,17985.521111766775,True,True,0,0,1,0,0,0,317484,0,,2026-01-04T12:21:38.902177
MP:5bc244abc3b1,1005273,True,none (already clean),False,470.35049999976764,True,True,3864,7728,25185.291206116195,True,True,3864,7728,25185.291206116195,True,True,0,0,1,0,0,0,386484,0,,2026-01-04T12:21:41.156957
MP:cf2ca332508a,1005275,True,none (already clean),False,494.9913000000379,True,True,4818,9632,23425.489961315918,True,True,4818,9632,23425.489961315918,True,True,0,0,1,0,0,0,481684,0,,2026-01-04T12:21:43.396166
MP:dd2512d88fd6,1005276,True,none (already clean),False,522.5334999995539,True,True,6548,13092,32639.08901806883,True,True,6548,13092,32639.08901806883,True,True,0,0,1,0,0,0,654684,0,,2026-01-04T12:21:45.999886
MP:51ae5868741c,1005277,True,none (already clean),False,477.7282000013656,True,True,5322,10640,26401.11061648751,True,True,5322,10640,26401.11061648751,True,True,0,0,1,0,0,0,532084,0,,2026-01-04T12:21:49.313825
MP:08cb76782f24,1005278,True,none (already clean),False,495.3486000013072,True,True,5528,11052,28213.20511377539,True,True,5528,11052,28213.20511377539,True,True,0,0,1,0,0,0,552684,0,,2026-01-04T12:21:52.003522
MP:83e33eb22e02,1005279,True,none (already clean),False,476.11139999935403,True,True,3803,7602,20749.039250486265,True,True,3803,7602,20749.039250486265,True,True,0,0,1,0,0,0,380184,0,,2026-01-04T12:21:54.855399
MP:a08006eac2d4,1005280,True,none (already clean),False,481.8372999998246,True,True,3825,7650,21289.78346568033,True,True,3825,7650,21289.78346568033,True,True,0,0,1,0,0,0,382584,0,,2026-01-04T12:21:57.022142
MP:9dc93e846009,1005281,True,none (already clean),False,507.215499999802,True,True,4713,9426,24185.596347596555,True,True,4713,9426,24185.596347596555,True,True,0,0,1,0,0,0,471384,0,,2026-01-04T12:21:59.268843
MP:7dde4e433c5b,1005282,True,none (already clean),False,503.52720000046247,True,True,3088,6172,19359.607989665332,True,True,3088,6172,19359.607989665332,True,True,0,0,1,0,0,0,308684,0,,2026-01-04T12:22:01.794957
MP:20ea2488a9be,1005283,True,none (already clean),False,473.6718000003748,True,True,3781,7558,22742.870410039486,True,True,3781,7558,22742.870410039486,True,True,0,0,1,0,0,0,377984,0,,2026-01-04T12:22:03.785630
MP:29a701bffb27,1005284,True,none (already clean),False,480.7463999986794,True,True,4387,8770,24753.81937434473,True,True,4387,8770,24753.81937434473,True,True,0,0,1,0,0,0,438584,0,,2026-01-04T12:22:05.956482
MP:df319f8f2377,1005285,True,none (already clean),False,506.2947999995231,True,True,314,624,177.6759785174663,True,True,314,624,177.6759785174663,True,True,0,0,1,0,0,0,31284,0,,2026-01-04T12:22:08.412330
MP:63b456ae0bc6,1005286,True,none (already clean),False,501.5075000010256,True,True,3450,6896,18284.263034577838,True,True,3450,6896,18284.263034577838,True,True,0,0,1,0,0,0,344884,0,,2026-01-04T12:22:09.245813
MP:ab040d2e26a8,1005287,True,none (already clean),False,499.2498000010528,True,True,3832,7660,21058.280597957088,True,True,3832,7660,21058.280597957088,True,True,0,0,1,0,0,0,383084,0,,2026-01-04T12:22:11.336751
MP:9608b9985bb8,1005288,True,none (already clean),False,518.1573999998363,True,True,4519,9034,22694.243928048134,True,True,4519,9034,22694.243928048134,True,True,0,0,1,0,0,0,451784,0,,2026-01-04T12:22:13.561160
MP:cff354f3fb95,1005289,True,none (already clean),False,497.3386000001483,True,True,5133,10262,23106.09871354156,True,True,5133,10262,23106.09871354156,True,True,0,0,1,0,0,0,513184,0,,2026-01-04T12:29:18.171106
MP:69191eeadf9c,1005290,True,none (already clean),False,499.8610999991797,True,True,5277,10550,26591.40923145774,True,True,5277,10550,26591.40923145774,True,True,0,0,1,0,0,0,527584,0,,2026-01-04T12:29:21.375540
MP:4bd76e9cabb4,1005291,True,none (already clean),False,517.0840000009775,True,True,7198,14392,37933.62700451969,True,True,7198,14392,37933.62700451969,True,True,0,0,1,0,0,0,719684,0,,2026-01-04T12:29:24.348867
MP:1356bf2af21d,1005292,True,none (already clean),False,533.7253999987297,True,True,5488,10976,25758.444590847266,True,True,5488,10976,25758.444590847266,True,True,0,0,1,0,0,0,548884,0,,2026-01-04T12:29:28.033428
MP:d7ffdfaaea40,1005586,True,none (already clean),False,1769.5972000001348,True,True,906907,1830062,0.0,False,False,906907,1830062,0.0,False,False,0,0,75,0,0,0,91503184,0,,2026-01-04T12:31:07.445751
MP:d50c0925fd23,1005587,True,none (already clean),False,1127.2177999999258,True,True,497919,997466,23147.540946792305,True,True,497919,997466,23147.540946792305,True,True,0,0,8,0,0,0,49873384,0,,2026-01-04T12:31:29.201586
MP:3ebb075267a7,100606,True,none (already clean),False,514.2406999984814,True,True,1114,2262,0.0,False,False,1114,2262,0.0,False,False,0,0,22,0,0,0,113184,0,,2026-01-04T12:31:45.614958
MP:df537c037320,100638,True,none (already clean),False,487.70520000107354,True,True,156,304,312.57445019109167,True,True,156,304,312.57445019109167,True,True,0,0,2,0,0,0,76231,0,,2026-01-04T12:31:46.855761
MP:2d8e3c6c52e2,100639,True,none (already clean),False,473.2965000002878,True,True,1769,3534,166.24312487118914,True,True,1769,3534,166.24312487118914,True,True,0,0,2,0,0,0,890221,0,,2026-01-04T12:31:47.652638
MP:eb0295f44489,100640,True,none (already clean),False,485.58459999912884,True,True,2191,4382,3239.845866757099,True,True,2191,4382,3239.845866757099,True,True,0,0,1,0,0,0,1103249,0,,2026-01-04T12:31:49.092178
MP:675d735c15b1,100641,True,none (already clean),False,524.8281999993196,True,True,1184,2368,176.0286077711313,True,True,1184,2368,176.0286077711313,True,True,0,0,1,0,0,0,598821,0,,2026-01-04T12:31:50.661785
MP:62c18ee79241,100642,True,none (already clean),False,491.83150000135356,True,True,4420,8844,528.1063769277441,True,True,4420,8844,528.1063769277441,True,True,0,0,1,0,0,0,2232557,0,,2026-01-04T12:31:51.937611
MP:76067c9de76d,100643,True,none (already clean),False,494.47329999929934,True,True,88,172,3187.234023612258,True,True,88,172,3187.234023612258,True,True,0,0,1,0,0,0,43142,0,,2026-01-04T12:31:54.413107
MP:d972dd4dcfb7,100644,True,none (already clean),False,489.5484000007855,True,True,4902,9806,0.0,False,False,4902,9806,0.0,False,False,0,0,4,0,0,0,2485641,0,,2026-01-04T12:31:55.187301
MP:169b513c1f8f,100645,True,none (already clean),False,484.17780000090715,True,True,1520,3016,1276.3787758187855,True,True,1520,3016,1276.3787758187855,True,True,0,0,6,0,0,0,755027,0,,2026-01-04T12:31:57.873598
MP:68ce5b29b98a,100646,True,none (already clean),False,484.84780000035244,True,True,4814,9624,1831.6519685934052,True,True,4814,9624,1831.6519685934052,True,True,0,0,1,0,0,0,2407489,0,,2026-01-04T12:31:59.224093
MP:27339502dc42,100678,True,none (already clean),False,480.61539999980596,True,True,248,496,4525.4641929898025,True,True,248,496,4525.4641929898025,True,True,0,0,1,0,0,0,125174,0,,2026-01-04T12:32:01.834614
MP:8d9c2b235728,100679,True,none (already clean),False,496.59889999929874,True,True,248,496,18536.311192913516,True,True,248,496,18536.311192913516,True,True,0,0,1,0,0,0,125252,0,,2026-01-04T12:32:02.669574
MP:9c9e0b715cdc,100680,True,none (already clean),False,472.58639999927254,True,True,248,496,77357.23812908186,True,True,248,496,77357.23812908186,True,True,0,0,1,0,0,0,125267,0,,2026-01-04T12:32:03.546616
MP:bbd64d52363b,100681,True,none (already clean),False,515.4848000001948,True,True,248,496,316855.2504983659,True,True,248,496,316855.2504983659,True,True,0,0,1,0,0,0,125271,0,,2026-01-04T12:32:04.338616
MP:70d700021435,100682,True,none (already clean),False,475.0328999998601,True,True,754,1492,50148.806608260544,True,True,754,1492,50148.806608260544,True,True,0,0,4,0,0,0,374246,0,,2026-01-04T12:32:05.255993
MP:4f1451e20de0,100727,True,none (already clean),False,491.8367999998736,True,True,1622,3244,491.3769375212796,True,True,1622,3244,491.3769375212796,True,True,0,0,1,0,0,0,913558,0,,2026-01-04T12:32:06.245096
MP:3ba0d096f0fb,100728,True,none (already clean),False,473.6631999985548,True,True,56,108,182.24464491022152,True,True,56,108,182.24464491022152,True,True,0,0,1,0,0,0,28934,0,,2026-01-04T12:32:07.715794
MP:f58d7ac32d54,100729,True,none (already clean),False,490.12760000005073,True,True,1709,3426,4480.232195076094,True,True,1709,3426,4480.232195076094,True,True,0,0,1,0,0,0,826295,0,,2026-01-04T12:32:08.463306
MP:7c68f0539abc,100730,True,none (already clean),False,477.9196999988926,True,True,2165,4298,0.0,False,False,2165,4298,0.0,False,False,0,0,1,0,0,0,1209401,0,,2026-01-04T12:32:09.954604
MP:4f6631bf22b6,100732,True,none (already clean),False,495.11920000077225,True,True,1863,3722,490.65983792021524,True,True,1863,3722,490.65983792021524,True,True,0,0,1,0,0,0,1093385,0,,2026-01-04T12:42:20.146829
MP:16822114923f,100733,True,none (already clean),False,504.8934999995254,True,True,767,1530,1177.7322827100804,True,True,767,1530,1177.7322827100804,True,True,0,0,1,0,0,0,427025,0,,2026-01-04T12:42:22.091781
MP:0d47131bcf7a,1007405,True,none (already clean),False,536.5962000014406,True,True,16360,35046,8355.597785976033,True,True,16360,35046,8355.597785976033,True,True,0,0,1,0,0,0,1752384,0,,2026-01-04T12:42:23.121268
MP:2c11dc0033f2,1007406,True,none (already clean),False,555.7110999998258,True,True,16112,34474,8357.294820559318,True,True,16112,34474,8357.294820559318,True,True,0,0,1,0,0,0,1723784,0,,2026-01-04T12:42:30.754120
MP:b0b08d5d6ef5,100815,True,none (already clean),False,537.9343000004155,True,True,3046,6084,577.9821227987259,True,True,3046,6084,577.9821227987259,True,True,0,0,2,0,0,0,304284,0,,2026-01-04T12:42:38.155919
MP:82672cd3cd96,100827,True,slicer-repair-loop,False,1074.631929397583,False,False,47,71,0.0,False,False,27,50,1274.379860423505,True,True,0.0,29.577464788732392,3,0,1,0,3634,2584,,2026-01-04T12:42:40.105535
MP:ae502e175bd9,100831,True,none (already clean),False,615.5861000006553,True,True,67848,135648,14872.411060522849,True,True,67848,135648,14872.411060522849,True,True,0,0,12,0,0,0,6782484,0,,2026-01-04T12:42:41.544291
MP:f296131b7e8d,100887,True,none (already clean),False,498.4555000010005,True,True,4008,8008,69126.74524171355,True,True,4008,8008,69126.74524171355,True,True,0,0,2,0,0,0,400484,0,,2026-01-04T12:42:52.318708
MP:0e6c0419f7b8,100894,True,none (already clean),False,523.4522999999172,True,True,2912,5820,2088.187034550987,True,True,2912,5820,2088.187034550987,True,True,0,0,1,0,0,0,291084,0,,2026-01-04T12:42:54.685222
MP:4b78f97c4cc2,1009280,True,none (already clean),False,492.633099998784,True,True,1025,2046,49963.18981011313,True,True,1025,2046,49963.18981011313,True,True,0,0,1,0,0,0,580602,0,,2026-01-04T12:42:56.661419
MP:f1f1a4d7239d,100026,False,slicer-repair-loop,False,1768.040418624878,False,False,117,270,0.0,False,False,117,258,31358.886889926976,True,True,0.0,4.444444444444445,7,0,1,0,68170,12984,KeyError: 'text',2026-01-04T12:50:44.475202
MP:9e12d440a355,100027,False,slicer-repair-loop,False,4943.670749664307,False,False,218,508,0.0,False,False,9162,18352,10408.0,True,True,0.0,-3512.5984251968503,38,0,1,0,134440,917684,KeyError: 'text',2026-01-04T12:50:46.298241
MP:77ab6ad7276e,100028,False,none (already clean),False,802.6611804962158,True,True,120,228,1112.6238664362947,True,True,120,228,1112.6238664362947,True,True,0,0,3,0,0,0,57794,0,KeyError: 'text',2026-01-04T12:50:51.249413
MP:24bf46eb22e1,100029,False,slicer-repair-loop,False,1599.6050834655762,False,False,202,452,0.0,False,False,208,460,20766.747169678743,True,True,0.0,-1.7699115044247788,5,0,2,0,113967,23084,KeyError: 'text',2026-01-04T12:50:52.060574
MP:52c9b8596eb7,100030,False,slicer-repair-loop,False,12309.613466262817,False,False,608,1504,0.0,False,False,42934,85864,399220.0833333333,True,True,0.0,-5609.04255319149,39,0,1,0,380476,4293284,KeyError: 'text',2026-01-04T12:50:53.667679
MP:0839ab38e7d0,100031,False,slicer-repair-loop,False,1550.2197742462158,False,False,310,640,0.0,True,False,310,640,5588.567438650011,True,True,0.0,0.0,1,0,1,0,161818,32084,KeyError: 'text',2026-01-04T12:51:05.986794
MP:c819ba97c42a,100032,False,slicer-repair-loop,False,2161.471128463745,False,False,1516,3128,0.0,True,False,1516,3128,27796.503722788893,True,True,0.0,0.0,5,0,5,0,810889,156484,KeyError: 'text',2026-01-04T12:51:07.544014
MP:3cd4fb7ffb6b,100033,False,slicer-repair-loop,False,1453.047752380371,False,False,204,420,0.0,True,False,204,420,12699.194419621723,True,True,0.0,0.0,1,0,1,0,116122,21084,KeyError: 'text',2026-01-04T12:51:09.716983
MP:9d92924b97ab,100034,False,none (already clean),False,818.1703090667725,True,True,84,188,23137.726224050002,True,True,84,188,23137.726224050002,True,True,0,0,1,0,0,0,50990,0,KeyError: 'text',2026-01-04T12:51:11.176031
MP:7b15bd385b5b,100035,False,slicer-repair-loop,False,1561.4700317382812,False,False,337,670,0.0,True,False,337,670,34381.003750343356,True,True,0.0,0.0,1,0,1,0,168854,33584,KeyError: 'text',2026-01-04T12:51:12.000702
MP:f1f1a4d7239d,100026,True,slicer-repair-loop,False,1153.259038925171,False,False,117,270,0.0,False,False,117,258,31358.886889926976,True,True,0.0,4.444444444444445,7,0,1,0,68170,12984,,2026-01-04T13:02:02.204903
MP:f1f1a4d7239d,100026,True,slicer-repair-loop,False,1156.975269317627,False,False,117,270,0.0,False,False,117,258,31358.886889926976,True,True,0.0,4.444444444444445,7,0,1,0,68170,12984,,2026-01-04T13:03:00.695825
MP:9e12d440a355,100027,True,slicer-repair-loop,False,2613.144874572754,False,False,218,508,0.0,False,False,9162,18352,10408.0,True,True,0.0,-3512.5984251968503,38,0,1,0,134440,917684,,2026-01-04T13:04:54.064279
MP:77ab6ad7276e,100028,True,none (already clean),False,493.3056999998371,True,True,120,228,1112.6238664362947,True,True,120,228,1112.6238664362947,True,True,0,0,3,0,0,0,57794,0,,2026-01-04T13:04:59.151265
MP:24bf46eb22e1,100029,True,slicer-repair-loop,False,1140.4283046722412,False,False,202,452,0.0,False,False,208,460,20766.747169678743,True,True,0.0,-1.7699115044247788,5,0,2,0,113967,23084,,2026-01-04T13:05:00.030894
MP:52c9b8596eb7,100030,True,slicer-repair-loop,False,6962.859630584717,False,False,608,1504,0.0,False,False,42934,85864,399220.0833333333,True,True,0.0,-5609.04255319149,39,0,1,0,380476,4293284,,2026-01-04T13:05:01.609821
MP:0839ab38e7d0,100031,True,slicer-repair-loop,False,1124.0935325622559,False,False,310,640,0.0,True,False,310,640,5588.567438650011,True,True,0.0,0.0,1,0,1,0,161818,32084,,2026-01-04T13:05:13.877657
MP:c819ba97c42a,100032,True,slicer-repair-loop,False,1260.6041431427002,False,False,1516,3128,0.0,True,False,1516,3128,27796.503722788893,True,True,0.0,0.0,5,0,5,0,810889,156484,,2026-01-04T13:05:15.515029
MP:3cd4fb7ffb6b,100033,True,slicer-repair-loop,False,1104.0372848510742,False,False,204,420,0.0,True,False,204,420,12699.194419621723,True,True,0.0,0.0,1,0,1,0,116122,21084,,2026-01-04T13:05:17.626629
MP:9d92924b97ab,100034,True,none (already clean),False,503.705599998284,True,True,84,188,23137.726224050002,True,True,84,188,23137.726224050002,True,True,0,0,1,0,0,0,50990,0,,2026-01-04T13:05:19.147665
MP:7b15bd385b5b,100035,True,slicer-repair-loop,False,1054.1131496429443,False,False,337,670,0.0,True,False,337,670,34381.003750343356,True,True,0.0,0.0,1,0,1,0,168854,33584,,2026-01-04T13:05:19.893543
MP:cfe40a0758f3,100036,True,slicer-repair-loop,False,1059.1278076171875,False,False,123,252,0.0,False,False,123,242,3179.1986543742255,True,True,0.0,3.968253968253968,16,0,1,0,63969,12184,,2026-01-04T13:05:21.408025
MP:12b6e5b19ec7,100037,True,slicer-repair-loop (blender),True,6425.690412521362,False,False,181,375,0.0,False,False,16234,32480,2141.1150107437047,True,True,0.0,-8561.333333333332,2,0,1,0,94657,1624084,,2026-01-04T13:05:22.787395
MP:425eb7e27d1c,100040,True,slicer-repair-loop,False,1222.0520973205566,False,False,362,736,0.0,False,False,362,732,40187.0054526455,True,True,0.0,0.5434782608695652,4,0,2,0,185574,36684,,2026-01-04T13:05:32.673058
MP:da35d5f4b984,100045,True,none (already clean),False,492.64600000060454,True,True,208,420,5.545051376836251,True,True,208,420,5.545051376836251,True,True,0,0,3,0,0,0,21084,0,,2026-01-04T13:05:34.366106
MP:d8af88fed155,100046,True,none (already clean),False,504.5832999985578,True,True,656,1316,9.566844429878516,True,True,656,1316,9.566844429878516,True,True,0,0,4,0,0,0,65884,0,,2026-01-04T13:05:35.248612
MP:fda71f0c3c60,100047,True,none (already clean),False,518.7846999997419,True,True,1098,2196,4.647321775167597,True,True,1098,2196,4.647321775167597,True,True,0,0,8,0,0,0,109884,0,,2026-01-04T13:05:36.330905
MP:c9688b9a564c,100070,True,none (already clean),False,526.8747999998595,True,True,2515,5030,35509.09557998546,True,True,2515,5030,35509.09557998546,True,True,0,0,1,0,0,0,1267814,0,,2026-01-04T13:05:37.646407
MP:480682fc0323,100071,True,none (already clean),False,503.0917000003683,True,True,531,1070,49143.31517935908,True,True,531,1070,49143.31517935908,True,True,0,0,1,0,0,0,269805,0,,2026-01-04T13:05:39.465587
MP:3f4a876c7201,100072,True,none (already clean),False,474.8484000010649,True,True,180,360,11772.62316712323,True,True,180,360,11772.62316712323,True,True,0,0,1,0,0,0,90666,0,,2026-01-04T13:05:40.441539
MP:551f07474169,100073,True,none (already clean),False,479.7063000005437,True,True,246,492,12444.103021642279,True,True,246,492,12444.103021642279,True,True,0,0,1,0,0,0,124140,0,,2026-01-04T13:05:41.303556
MP:d8055d449dcd,100075,True,none (already clean),False,476.818799999819,True,True,726,1460,4.937873030343192,True,True,726,1460,4.937873030343192,True,True,0,0,6,0,0,0,73084,0,,2026-01-04T13:05:42.138717
MP:7b6d496cd3e5,100077,True,none (already clean),False,485.61119999976654,True,True,264,528,0.183852580462086,True,True,264,528,0.183852580462086,True,True,0,0,1,0,0,0,26484,0,,2026-01-04T13:05:43.158020
MP:c5300c770589,100139,True,none (already clean),False,493.79159999989497,True,True,1106,2224,0.0,False,False,1106,2224,0.0,False,False,0,0,7,0,0,0,421153,0,,2026-01-04T13:05:44.067100
MP:cd0bb7dd5df9,100173,True,slicer-repair-loop,False,1041.0172939300537,False,False,128,250,0.0,False,False,128,252,10070.636131079189,True,True,0.0,-0.8,1,0,1,0,12584,12684,,2026-01-04T13:05:45.278529
MP:548c79072d0f,1001930,True,none (already clean),False,480.27080000065325,True,True,7225,14438,21946.566507780895,True,True,7225,14438,21946.566507780895,True,True,0,0,4,0,0,0,721984,0,,2026-01-04T13:05:46.704542
MP:7204b8bb9c04,1001931,True,none (already clean),False,512.9128999997192,True,True,7225,14438,21946.5664870542,True,True,7225,14438,21946.5664870542,True,True,0,0,4,0,0,0,721984,0,,2026-01-04T13:05:50.210474
MP:6fab6b4fff42,100281,True,none (already clean),False,586.3305000002583,True,True,46949,94772,14932.481467108659,True,True,46949,94772,14932.481467108659,True,True,0,0,1,0,0,0,4738684,0,,2026-01-04T13:05:53.786128
MP:6fa9d3d7fa12,100282,True,none (already clean),False,621.8673000003037,True,True,50935,102936,19025.825190847885,True,True,50935,102936,19025.825190847885,True,True,0,0,2,0,0,0,5146884,0,,2026-01-04T13:06:04.478736
MP:75426d496620,100322,True,none (already clean),False,489.57940000036615,True,True,384,772,27663.37192822515,True,True,384,772,27663.37192822515,True,True,0,0,2,0,0,0,129701,0,,2026-01-04T13:06:15.263561
MP:ed280b69c2a6,100323,True,none (already clean),False,497.6179000004777,True,True,378,760,27657.68908351015,True,True,378,760,27657.68908351015,True,True,0,0,2,0,0,0,127854,0,,2026-01-04T13:06:16.232365
MP:88321ede7d1c,100330,True,none (already clean),False,501.8281000011484,True,True,503,1010,5244.2242924542625,True,True,503,1010,5244.2242924542625,True,True,0,0,1,0,0,0,50584,0,,2026-01-04T13:06:17.112393
MP:7c9408439f0f,100331,True,slicer-repair-loop,False,1125.4301071166992,False,False,503,1010,0.0,True,False,503,1010,5244.223904018892,True,True,0.0,0.0,1,0,1,0,50584,50584,,2026-01-04T13:06:18.087923
MP:6f1649d13715,100335,True,slicer-repair-loop,False,7262.775182723999,False,False,35140,70298,0.0,False,False,35135,70250,48312.28945420661,True,True,0.0,0.06828074767418703,25,0,5,0,17618535,3512584,,2026-01-04T13:06:19.818095
MP:f69309237a8a,100336,True,none (already clean),False,560.8996999999363,True,True,14141,28254,3296.7632330906204,True,True,14141,28254,3296.7632330906204,True,True,0,0,7,0,0,0,7087360,0,,2026-01-04T13:06:37.135822
MP:d3ef551c6964,100339,True,none (already clean),False,520.8136999990529,True,True,7722,15440,11988.792399131169,True,True,7722,15440,11988.792399131169,True,True,0,0,1,0,0,0,3895402,0,,2026-01-04T13:06:43.426252
MP:f1f1a4d7239d,100026,True,slicer-repair-loop,False,1120.6581592559814,False,False,117,270,0.0,False,False,117,258,31358.886889926976,True,True,0.0,4.444444444444445,7,0,1,0,68170,12984,,2026-01-04T13:12:05.666441
MP:9e12d440a355,100027,True,slicer-repair-loop,False,2512.842893600464,False,False,218,508,0.0,False,False,9162,18352,10408.0,True,True,0.0,-3512.5984251968503,38,0,1,0,134440,917684,,2026-01-04T13:12:07.488215
MP:77ab6ad7276e,100028,True,none (already clean),False,494.3526999995811,True,True,120,228,1112.6238664362947,True,True,120,228,1112.6238664362947,True,True,0,0,3,0,0,0,57794,0,,2026-01-04T13:12:12.042121
MP:f1f1a4d7239d,100026,True,slicer-repair-loop,False,1134.3505382537842,False,False,117,270,0.0,False,False,117,258,31358.886889926976,True,True,0.0,4.444444444444445,7,0,1,0,68170,12984,,2026-01-04T13:12:58.786378
MP:9e12d440a355,100027,True,slicer-repair-loop,False,2545.7098484039307,False,False,218,508,0.0,False,False,9162,18352,10408.0,True,True,0.0,-3512.5984251968503,38,0,1,0,134440,917684,,2026-01-04T13:13:00.590628
MP:77ab6ad7276e,100028,True,none (already clean),False,488.1838000001153,True,True,120,228,1112.6238664362947,True,True,120,228,1112.6238664362947,True,True,0,0,3,0,0,0,57794,0,,2026-01-04T13:13:05.181987
MP:24bf46eb22e1,100029,True,slicer-repair-loop,False,1106.5294742584229,False,False,202,452,0.0,False,False,208,460,20766.747169678743,True,True,0.0,-1.7699115044247788,5,0,2,0,113967,23084,,2026-01-04T13:13:06.014902
MP:52c9b8596eb7,100030,True,slicer-repair-loop,False,6796.461820602417,False,False,608,1504,0.0,False,False,42934,85864,399220.0833333333,True,True,0.0,-5609.04255319149,39,0,1,0,380476,4293284,,2026-01-04T13:13:07.588003
MP:f1f1a4d7239d,100026,True,slicer-repair-loop,False,1183.4967136383057,False,False,117,270,0.0,False,False,117,258,31358.886889926976,True,True,0.0,4.444444444444445,7,0,1,0,68170,12984,,2026-01-04T13:14:21.378596
MP:9e12d440a355,100027,True,slicer-repair-loop,False,2302.4940490722656,False,False,218,508,0.0,False,False,9162,18352,10408.0,True,True,0.0,-3512.5984251968503,38,0,1,0,134440,917684,,2026-01-04T13:14:23.313091
MP:77ab6ad7276e,100028,True,none (already clean),False,515.3682000000117,True,True,120,228,1112.6238664362947,True,True,120,228,1112.6238664362947,True,True,0,0,3,0,0,0,57794,0,,2026-01-04T13:14:27.768079
MP:24bf46eb22e1,100029,True,slicer-repair-loop,False,1137.8097534179688,False,False,202,452,0.0,False,False,208,460,20766.747169678743,True,True,0.0,-1.7699115044247788,5,0,2,0,113967,23084,,2026-01-04T13:14:28.646077
MP:52c9b8596eb7,100030,True,slicer-repair-loop,False,6717.396020889282,False,False,608,1504,0.0,False,False,42934,85864,399220.0833333333,True,True,0.0,-5609.04255319149,39,0,1,0,380476,4293284,,2026-01-04T13:14:30.265012
MP:0839ab38e7d0,100031,True,slicer-repair-loop,False,1143.3391571044922,False,False,310,640,0.0,True,False,310,640,5588.567438650011,True,True,0.0,0.0,1,0,1,0,161818,32084,,2026-01-04T13:14:42.543539
MP:c819ba97c42a,100032,True,slicer-repair-loop,False,1462.6638889312744,False,False,1516,3128,0.0,True,False,1516,3128,27796.503722788893,True,True,0.0,0.0,5,0,5,0,810889,156484,,2026-01-04T13:14:44.170164
MP:3cd4fb7ffb6b,100033,True,slicer-repair-loop,False,1112.1106147766113,False,False,204,420,0.0,True,False,204,420,12699.194419621723,True,True,0.0,0.0,1,0,1,0,116122,21084,,2026-01-04T13:14:46.583506
MP:9d92924b97ab,100034,True,none (already clean),False,510.32130000021425,True,True,84,188,23137.726224050002,True,True,84,188,23137.726224050002,True,True,0,0,1,0,0,0,50990,0,,2026-01-04T13:14:48.044233
MP:7b15bd385b5b,100035,True,slicer-repair-loop,False,1095.461130142212,False,False,337,670,0.0,True,False,337,670,34381.003750343356,True,True,0.0,0.0,1,0,1,0,168854,33584,,2026-01-04T13:14:48.848650
MP:f1f1a4d7239d,100026,True,slicer-repair-loop,False,1151.6525745391846,False,False,117,270,0.0,False,False,117,258,31358.886889926976,True,True,0.0,4.444444444444445,7,0,1,0,68170,12984,,2026-01-04T13:15:48.564834
MP:9e12d440a355,100027,True,slicer-repair-loop,False,2246.687650680542,False,False,218,508,0.0,False,False,9162,18352,10408.0,True,True,0.0,-3512.5984251968503,38,0,1,0,134440,917684,,2026-01-04T13:15:50.393231
MP:77ab6ad7276e,100028,True,none (already clean),False,489.72630000025674,True,True,120,228,1112.6238664362947,True,True,120,228,1112.6238664362947,True,True,0,0,3,0,0,0,57794,0,,2026-01-04T13:15:54.679913
MP:24bf46eb22e1,100029,True,slicer-repair-loop,False,1042.4375534057617,False,False,202,452,0.0,False,False,208,460,20766.747169678743,True,True,0.0,-1.7699115044247788,5,0,2,0,113967,23084,,2026-01-04T13:15:55.534005
MP:52c9b8596eb7,100030,True,slicer-repair-loop,False,6303.0219078063965,False,False,608,1504,0.0,False,False,42934,85864,399220.0833333333,True,True,0.0,-5609.04255319149,39,0,1,0,380476,4293284,,2026-01-04T13:15:57.030338
MP:0839ab38e7d0,100031,True,slicer-repair-loop,False,1058.8667392730713,False,False,310,640,0.0,True,False,310,640,5588.567438650011,True,True,0.0,0.0,1,0,1,0,161818,32084,,2026-01-04T13:16:08.707217
MP:c819ba97c42a,100032,True,slicer-repair-loop,False,1423.2990741729736,False,False,1516,3128,0.0,True,False,1516,3128,27796.503722788893,True,True,0.0,0.0,5,0,5,0,810889,156484,,2026-01-04T13:16:10.243092
MP:3cd4fb7ffb6b,100033,True,slicer-repair-loop,False,1117.2940731048584,False,False,204,420,0.0,True,False,204,420,12699.194419621723,True,True,0.0,0.0,1,0,1,0,116122,21084,,2026-01-04T13:16:12.520085
MP:9d92924b97ab,100034,True,none (already clean),False,485.32950000117125,True,True,84,188,23137.726224050002,True,True,84,188,23137.726224050002,True,True,0,0,1,0,0,0,50990,0,,2026-01-04T13:16:14.025477
MP:7b15bd385b5b,100035,True,slicer-repair-loop,False,1091.95876121521,False,False,337,670,0.0,True,False,337,670,34381.003750343356,True,True,0.0,0.0,1,0,1,0,168854,33584,,2026-01-04T13:16:14.764023
MP:f1f1a4d7239d,100026,True,slicer-repair-loop,False,1151.986837387085,False,False,117,270,0.0,False,False,117,258,31358.886889926976,True,True,0.0,4.444444444444445,7,0,1,0,68170,12984,,2026-01-04T13:17:44.366662
MP:9e12d440a355,100027,True,slicer-repair-loop,False,2194.7410106658936,False,False,218,508,0.0,False,False,9162,18352,10408.0,True,True,0.0,-3512.5984251968503,38,0,1,0,134440,917684,,2026-01-04T13:17:46.214015
MP:77ab6ad7276e,100028,True,none (already clean),False,487.6738999992085,True,True,120,228,1112.6238664362947,True,True,120,228,1112.6238664362947,True,True,0,0,3,0,0,0,57794,0,,2026-01-04T13:17:50.455752
MP:24bf46eb22e1,100029,True,slicer-repair-loop,False,1081.7358493804932,False,False,202,452,0.0,False,False,208,460,20766.747169678743,True,True,0.0,-1.7699115044247788,5,0,2,0,113967,23084,,2026-01-04T13:17:51.313140
MP:52c9b8596eb7,100030,True,slicer-repair-loop,False,6399.109125137329,False,False,608,1504,0.0,False,False,42934,85864,399220.0833333333,True,True,0.0,-5609.04255319149,39,0,1,0,380476,4293284,,2026-01-04T13:17:52.854628
MP:0839ab38e7d0,100031,True,slicer-repair-loop,False,1063.812017440796,False,False,310,640,0.0,True,False,310,640,5588.567438650011,True,True,0.0,0.0,1,0,1,0,161818,32084,,2026-01-04T13:18:04.567727
MP:c819ba97c42a,100032,True,slicer-repair-loop,False,1465.2774333953857,False,False,1516,3128,0.0,True,False,1516,3128,27796.503722788893,True,True,0.0,0.0,5,0,5,0,810889,156484,,2026-01-04T13:18:06.060044
MP:3cd4fb7ffb6b,100033,True,slicer-repair-loop,False,1040.8952236175537,False,False,204,420,0.0,True,False,204,420,12699.194419621723,True,True,0.0,0.0,1,0,1,0,116122,21084,,2026-01-04T13:18:08.432006
MP:9d92924b97ab,100034,True,none (already clean),False,475.81499999978405,True,True,84,188,23137.726224050002,True,True,84,188,23137.726224050002,True,True,0,0,1,0,0,0,50990,0,,2026-01-04T13:18:09.855807
MP:7b15bd385b5b,100035,True,slicer-repair-loop,False,1077.2011280059814,False,False,337,670,0.0,True,False,337,670,34381.003750343356,True,True,0.0,0.0,1,0,1,0,168854,33584,,2026-01-04T13:18:10.596634
MP:f1f1a4d7239d,100026,True,slicer-repair-loop,False,1137.8364562988281,False,False,117,270,0.0,False,False,117,258,31358.886889926976,True,True,0.0,4.444444444444445,7,0,1,0,68170,12984,,2026-01-04T13:18:36.711708
MP:9e12d440a355,100027,True,slicer-repair-loop,False,2210.797071456909,False,False,218,508,0.0,False,False,9162,18352,10408.0,True,True,0.0,-3512.5984251968503,38,0,1,0,134440,917684,,2026-01-04T13:18:38.533544
MP:77ab6ad7276e,100028,True,none (already clean),False,501.8248999986099,True,True,120,228,1112.6238664362947,True,True,120,228,1112.6238664362947,True,True,0,0,3,0,0,0,57794,0,,2026-01-04T13:18:42.834336
MP:f1f1a4d7239d,100026,True,slicer-repair-loop,False,1142.519474029541,False,False,117,270,0.0,False,False,117,258,31358.886889926976,True,True,0.0,4.444444444444445,7,0,1,0,68170,12984,,2026-01-04T13:19:22.005874
MP:9e12d440a355,100027,True,slicer-repair-loop,False,2234.5759868621826,False,False,218,508,0.0,False,False,9162,18352,10408.0,True,True,0.0,-3512.5984251968503,38,0,1,0,134440,917684,,2026-01-04T13:19:23.836090
MP:77ab6ad7276e,100028,True,none (already clean),False,489.31699999957345,True,True,120,228,1112.6238664362947,True,True,120,228,1112.6238664362947,True,True,0,0,3,0,0,0,57794,0,,2026-01-04T13:19:28.084957
MP:f1f1a4d7239d,100026,True,slicer-repair-loop,False,1151.6785621643066,False,False,117,270,0.0,False,False,117,258,31358.886889926976,True,True,0.0,4.444444444444445,7,0,1,0,68170,12984,,2026-01-04T13:22:14.811527
MP:9e12d440a355,100027,True,slicer-repair-loop,False,2224.3568897247314,False,False,218,508,0.0,False,False,9162,18352,10408.0,True,True,0.0,-3512.5984251968503,38,0,1,0,134440,917684,,2026-01-04T13:22:16.686797
MP:77ab6ad7276e,100028,True,none (already clean),False,491.4429000000382,True,True,120,228,1112.6238664362947,True,True,120,228,1112.6238664362947,True,True,0,0,3,0,0,0,57794,0,,2026-01-04T13:22:20.925153
MP:24bf46eb22e1,100029,True,slicer-repair-loop,False,1062.8738403320312,False,False,202,452,0.0,False,False,208,460,20766.747169678743,True,True,0.0,-1.7699115044247788,5,0,2,0,113967,23084,,2026-01-04T13:22:21.789917
MP:52c9b8596eb7,100030,True,slicer-repair-loop,False,6278.764963150024,False,False,608,1504,0.0,False,False,42934,85864,399220.0833333333,True,True,0.0,-5609.04255319149,39,0,1,0,380476,4293284,,2026-01-04T13:22:23.343785
MP:4777f74302cf,100340,True,none (already clean),False,533.4290999999212,True,True,9618,19232,15051.504131559212,True,True,9618,19232,15051.504131559212,True,True,0,0,1,0,0,0,4838384,0,,2026-01-04T13:35:07.943024
MP:549e7a68ba3f,100342,True,none (already clean),False,577.5842999992165,True,True,9087,18170,15034.770692420798,True,True,9087,18170,15034.770692420798,True,True,0,0,1,0,0,0,4583410,0,,2026-01-04T13:35:12.745528
MP:0d1d6c10456c,100343,True,none (already clean),False,510.34189999882074,True,True,8085,16166,10720.170792569503,True,True,8085,16166,10720.170792569503,True,True,0,0,1,0,0,0,4065399,0,,2026-01-04T13:35:17.056379
MP:69cd317e7046,100344,True,none (already clean),False,490.0012999987666,True,True,10290,20576,10212.108549492346,True,True,10290,20576,10212.108549492346,True,True,0,0,1,0,0,0,5221716,0,,2026-01-04T13:35:20.870805
MP:25ae72617f58,100345,True,none (already clean),False,500.1218000015797,True,True,5879,11754,12086.821899518029,True,True,5879,11754,12086.821899518029,True,True,0,0,1,0,0,0,2957269,0,,2026-01-04T13:35:25.450608
MP:f1f1a4d7239d,100026,True,slicer-repair-loop,False,1166.6655540466309,False,False,117,270,0.0,False,False,117,258,31358.886889926976,True,True,0.0,4.444444444444445,7,0,1,0,68170,12984,,2026-01-04T13:38:27.033717
MP:9e12d440a355,100027,True,slicer-repair-loop,False,2256.6375732421875,False,False,218,508,0.0,False,False,9162,18352,10408.0,True,True,0.0,-3512.5984251968503,38,0,1,0,134440,917684,,2026-01-04T13:38:28.915476
MP:f1f1a4d7239d,100026,True,slicer-repair-loop,False,1288.9552116394043,False,False,117,270,0.0,False,False,117,258,31358.886889926976,True,True,0.0,4.444444444444445,7,0,1,0,68170,12984,,2026-01-04T13:39:53.825809
MP:9e12d440a355,100027,True,slicer-repair-loop,False,2313.53497505188,False,False,218,508,0.0,False,False,9162,18352,10408.0,True,True,0.0,-3512.5984251968503,38,0,1,0,134440,917684,,2026-01-04T13:39:55.876261
MP:77ab6ad7276e,100028,True,none (already clean),False,500.9532999993098,True,True,120,228,1112.6238664362947,True,True,120,228,1112.6238664362947,True,True,0,0,3,0,0,0,57794,0,,2026-01-04T13:40:00.344569
MP:24bf46eb22e1,100029,True,slicer-repair-loop,False,1091.4461612701416,False,False,202,452,0.0,False,False,208,460,20766.747169678743,True,True,0.0,-1.7699115044247788,5,0,2,0,113967,23084,,2026-01-04T13:40:01.181240
MP:52c9b8596eb7,100030,True,slicer-repair-loop,False,6424.088478088379,False,False,608,1504,0.0,False,False,42934,85864,399220.0833333333,True,True,0.0,-5609.04255319149,39,0,1,0,380476,4293284,,2026-01-04T13:40:02.753579
MP:0839ab38e7d0,100031,True,slicer-repair-loop,False,1086.8732929229736,False,False,310,640,0.0,True,False,310,640,5588.567438650011,True,True,0.0,0.0,1,0,1,0,161818,32084,,2026-01-04T13:40:14.680740
MP:c819ba97c42a,100032,True,slicer-repair-loop,False,1442.9848194122314,False,False,1516,3128,0.0,True,False,1516,3128,27796.503722788893,True,True,0.0,0.0,5,0,5,0,810889,156484,,2026-01-04T13:40:16.179117
MP:3cd4fb7ffb6b,100033,True,slicer-repair-loop,False,1052.7348518371582,False,False,204,420,0.0,True,False,204,420,12699.194419621723,True,True,0.0,0.0,1,0,1,0,116122,21084,,2026-01-04T13:40:18.539397
MP:9d92924b97ab,100034,True,none (already clean),False,480.80899999877147,True,True,84,188,23137.726224050002,True,True,84,188,23137.726224050002,True,True,0,0,1,0,0,0,50990,0,,2026-01-04T13:40:19.939128
MP:7b15bd385b5b,100035,True,slicer-repair-loop,False,1057.4147701263428,False,False,337,670,0.0,True,False,337,670,34381.003750343356,True,True,0.0,0.0,1,0,1,0,168854,33584,,2026-01-04T13:40:20.722120
MP:cfe40a0758f3,100036,True,slicer-repair-loop,False,1163.5651588439941,False,False,123,252,0.0,False,False,123,242,3179.1986543742255,True,True,0.0,3.968253968253968,16,0,1,0,63969,12184,,2026-01-04T13:40:22.161046
MP:12b6e5b19ec7,100037,True,slicer-repair-loop (blender),True,6487.363815307617,False,False,181,375,0.0,False,False,16234,32480,2141.1150107437047,True,True,0.0,-8561.333333333332,2,0,1,0,94657,1624084,,2026-01-04T13:40:23.722784
MP:425eb7e27d1c,100040,True,slicer-repair-loop,False,1403.1693935394287,False,False,362,736,0.0,False,False,362,732,40187.0054526455,True,True,0.0,0.5434782608695652,4,0,2,0,185574,36684,,2026-01-04T13:40:33.595387
MP:da35d5f4b984,100045,True,none (already clean),False,505.280400000629,True,True,208,420,5.545051376836251,True,True,208,420,5.545051376836251,True,True,0,0,3,0,0,0,21084,0,,2026-01-04T13:40:35.442143
MP:d8af88fed155,100046,True,none (already clean),False,481.6671000007773,True,True,656,1316,9.566844429878516,True,True,656,1316,9.566844429878516,True,True,0,0,4,0,0,0,65884,0,,2026-01-04T13:40:36.329649
MP:fda71f0c3c60,100047,True,none (already clean),False,477.5067000009585,True,True,1098,2196,4.647321775167597,True,True,1098,2196,4.647321775167597,True,True,0,0,8,0,0,0,109884,0,,2026-01-04T13:40:37.398318
MP:c9688b9a564c,100070,True,none (already clean),False,482.84960000091814,True,True,2515,5030,35509.09557998546,True,True,2515,5030,35509.09557998546,True,True,0,0,1,0,0,0,1267814,0,,2026-01-04T13:40:38.577635
MP:480682fc0323,100071,True,none (already clean),False,493.0600999996386,True,True,531,1070,49143.31517935908,True,True,531,1070,49143.31517935908,True,True,0,0,1,0,0,0,269805,0,,2026-01-04T13:40:40.328698
MP:3f4a876c7201,100072,True,none (already clean),False,489.8218000016641,True,True,180,360,11772.62316712323,True,True,180,360,11772.62316712323,True,True,0,0,1,0,0,0,90666,0,,2026-01-04T13:40:41.310983
MP:551f07474169,100073,True,none (already clean),False,485.5239000007714,True,True,246,492,12444.103021642279,True,True,246,492,12444.103021642279,True,True,0,0,1,0,0,0,124140,0,,2026-01-04T13:40:42.197254
MP:d8055d449dcd,100075,True,none (already clean),False,490.8292000000074,True,True,726,1460,4.937873030343192,True,True,726,1460,4.937873030343192,True,True,0,0,6,0,0,0,73084,0,,2026-01-04T13:40:43.061494
MP:7b6d496cd3e5,100077,True,none (already clean),False,479.6057000003202,True,True,264,528,0.183852580462086,True,True,264,528,0.183852580462086,True,True,0,0,1,0,0,0,26484,0,,2026-01-04T13:40:44.128538
MP:c5300c770589,100139,True,none (already clean),False,479.68589999982214,True,True,1106,2224,0.0,False,False,1106,2224,0.0,False,False,0,0,7,0,0,0,421153,0,,2026-01-04T13:40:45.044009
MP:cd0bb7dd5df9,100173,True,slicer-repair-loop,False,1013.3833885192871,False,False,128,250,0.0,False,False,128,252,10070.630353763874,True,True,0.0,-0.8,1,0,1,0,12584,12684,,2026-01-04T13:40:46.251427
MP:548c79072d0f,1001930,True,none (already clean),False,478.6375000003318,True,True,7225,14438,21946.566507780895,True,True,7225,14438,21946.566507780895,True,True,0,0,4,0,0,0,721984,0,,2026-01-04T13:40:47.591666
MP:7204b8bb9c04,1001931,True,none (already clean),False,494.6472999999969,True,True,7225,14438,21946.5664870542,True,True,7225,14438,21946.5664870542,True,True,0,0,4,0,0,0,721984,0,,2026-01-04T13:40:51.126016
MP:6fab6b4fff42,100281,True,none (already clean),False,586.366800000178,True,True,46949,94772,14932.481467108659,True,True,46949,94772,14932.481467108659,True,True,0,0,1,0,0,0,4738684,0,,2026-01-04T13:40:54.618535
MP:6fa9d3d7fa12,100282,True,none (already clean),False,567.5482999995438,True,True,50935,102936,19025.825190847885,True,True,50935,102936,19025.825190847885,True,True,0,0,2,0,0,0,5146884,0,,2026-01-04T13:41:05.426515
MP:75426d496620,100322,True,none (already clean),False,513.6848000001919,True,True,384,772,27663.37192822515,True,True,384,772,27663.37192822515,True,True,0,0,2,0,0,0,129701,0,,2026-01-04T13:41:16.292500
MP:ed280b69c2a6,100323,True,none (already clean),False,503.9804999996704,True,True,378,760,27657.68908351015,True,True,378,760,27657.68908351015,True,True,0,0,2,0,0,0,127854,0,,2026-01-04T13:41:17.216925
MP:88321ede7d1c,100330,True,none (already clean),False,524.8780000001716,True,True,503,1010,5244.2242924542625,True,True,503,1010,5244.2242924542625,True,True,0,0,1,0,0,0,50584,0,,2026-01-04T13:41:18.188720
MP:7c9408439f0f,100331,True,slicer-repair-loop,False,1182.098150253296,False,False,503,1010,0.0,True,False,503,1010,5244.223904018892,True,True,0.0,0.0,1,0,1,0,50584,50584,,2026-01-04T13:41:19.189206
MP:f1f1a4d7239d,100026,True,slicer-repair-loop,False,1148.8242149353027,False,False,117,270,0.0,False,False,117,258,31358.886889926976,True,True,0.0,4.444444444444445,7,0,1,0,68170,12984,,2026-01-04T13:43:33.788983
MP:6f1649d13715,100335,True,slicer-repair-loop,False,9986.778497695923,False,False,35140,70298,0.0,False,False,35135,70250,48312.28945420661,True,True,0.0,0.06828074767418703,25,0,5,0,17618535,3512584,,2026-01-04T13:44:10.698845
MP:f69309237a8a,100336,True,none (already clean),False,544.2677999999432,True,True,14141,28254,3296.7632330906204,True,True,14141,28254,3296.7632330906204,True,True,0,0,7,0,0,0,7087360,0,,2026-01-04T13:44:31.032535
MP:d3ef551c6964,100339,True,none (already clean),False,543.5553999996046,True,True,7722,15440,11988.792399131169,True,True,7722,15440,11988.792399131169,True,True,0,0,1,0,0,0,3895402,0,,2026-01-04T13:44:37.252685
MP:4777f74302cf,100340,True,none (already clean),False,532.5433999987581,True,True,9618,19232,15051.504131559212,True,True,9618,19232,15051.504131559212,True,True,0,0,1,0,0,0,4838384,0,,2026-01-04T13:44:40.929999
MP:549e7a68ba3f,100342,True,none (already clean),False,529.084599998896,True,True,9087,18170,15034.770692420798,True,True,9087,18170,15034.770692420798,True,True,0,0,1,0,0,0,4583410,0,,2026-01-04T13:44:45.325296
MP:0d1d6c10456c,100343,True,none (already clean),False,517.3814000008861,True,True,8085,16166,10720.170792569503,True,True,8085,16166,10720.170792569503,True,True,0,0,1,0,0,0,4065399,0,,2026-01-04T13:44:49.541231
MP:69cd317e7046,100344,True,none (already clean),False,531.7787999993016,True,True,10290,20576,10212.108549492346,True,True,10290,20576,10212.108549492346,True,True,0,0,1,0,0,0,5221716,0,,2026-01-04T13:44:53.437508
MP:25ae72617f58,100345,True,none (already clean),False,493.895400000838,True,True,5879,11754,12086.821899518029,True,True,5879,11754,12086.821899518029,True,True,0,0,1,0,0,0,2957269,0,,2026-01-04T13:44:58.244010
MP:d2abd25a057b,100346,True,none (already clean),False,547.7617000015016,True,True,19165,38326,107647.74726104167,True,True,19165,38326,107647.74726104167,True,True,0,0,2,0,0,0,9639559,0,,2026-01-04T13:45:01.229796
MP:e5395e5f2f1e,100349,True,none (already clean),False,536.8201000001136,True,True,4699,9394,82622.28718094488,True,True,4699,9394,82622.28718094488,True,True,0,0,1,0,0,0,469784,0,,2026-01-04T13:45:09.324682
